requirement_id,source,short_quote,meaning,application_to_kunchi,status
REQ-67-1,法人税法67条1項,内国法人である特定同族会社,留保金課税対象となる特定同族会社の入口,クンチ株式会社は日本法人で入口は満たす方向,partial
REQ-67-2,法人税法67条2項,百分の五十を超える,1株主と特殊関係者で50%超支配か,直接株主・議決権が未確認,unresolved
REQ-67-8,法人税法67条8項,事業年度終了の時,判定時点は期末,基準日調査ではなく対象期末資料が必要,unresolved
REQ-1397-FAMILY,法人税法施行令139条の7第1項,株主等の親族,親族等を合算,李宏德・魏静夫妻関係が特殊関係に該当する方向,partial
REQ-1397-CORP,法人税法施行令139条の7第2項,他の会社を支配,支配会社を特殊関係法人に含める,中国側・香港側・日本側の支配連鎖確認が必要,unresolved
REQ-1397-VOTE,法人税法施行令139条の7第3項・5項,議決権の百分の五十を超える,株式数だけでなく重要議決権を見る,議決権台帳と定款が必要,unresolved
REQ-1397-AGREE,法人税法施行令139条の7第6項,同一の内容の議決権,議決権行使合意を合算,株主間契約・委任状が必要,unresolved
REQ-BCT-16-1-1,法人税基本通達16-1-1,直接又は間接の被支配会社,非被支配法人の子孫会社除外論点,上海側が非被支配法人か被支配法人か最新確認が必要,partial
REQ-BCT-16-5-2,法人税基本通達16-5-2,電信売買相場の仲値,外国法人資本金の円換算,上海親会社の資本金を対象期末TTMで確認,unresolved
